Link,Name,Symbol
<a href='https://smbc.decafhub.com/resource/details/344'>LINK</a>,000003-830,000003-830
<a href='https://smbc.decafhub.com/resource/details/341'>LINK</a>,000006-225,000006-225
<a href='https://smbc.decafhub.com/resource/details/334'>LINK</a>,000008-731,000008-731
<a href='https://smbc.decafhub.com/resource/details/NA'>LINK</a>,NA,NA
<a href='https://smbc.decafhub.com/resource/details/NA'>LINK</a>,NA,NA
<a href='https://smbc.decafhub.com/resource/details/NA'>LINK</a>,NA,NA
<a href='https://smbc.decafhub.com/resource/details/NA'>LINK</a>,NA,NA
<a href='https://smbc.decafhub.com/resource/details/NA'>LINK</a>,NA,NA
<a href='https://smbc.decafhub.com/resource/details/873'>LINK</a>,BOS PE 2016 I SP (KKR NGT),063573-000
<a href='https://smbc.decafhub.com/resource/details/NA'>LINK</a>,NA,NA
<a href='https://smbc.decafhub.com/resource/details/862'>LINK</a>,EFA SYNDICATED COMMO CL S USD-...,106195-000
<a href='https://smbc.decafhub.com/resource/details/NA'>LINK</a>,NA,NA
<a href='https://smbc.decafhub.com/resource/details/NA'>LINK</a>,NA,NA
<a href='https://smbc.decafhub.com/resource/details/7876'>LINK</a>,AGRICULTURAL BANK OF CHINA-H,1288 HK Equity
<a href='https://smbc.decafhub.com/resource/details/5318'>LINK</a>,NF NIKKEI 225 ETF,1321 JP Equity
<a href='https://smbc.decafhub.com/resource/details/7862'>LINK</a>,IND & COMM BK OF CHINA-H,1398 HK Equity
<a href='https://smbc.decafhub.com/resource/details/955'>LINK</a>,PINPOINT MULTI STRATEGY FUND,144990-001
<a href='https://smbc.decafhub.com/resource/details/879'>LINK</a>,GSAM APTITUDE PARTNERS FUND,152326-001
<a href='https://smbc.decafhub.com/resource/details/948'>LINK</a>,DANTAI MASTER FUND,166764-001
<a href='https://smbc.decafhub.com/resource/details/NA'>LINK</a>,NA,NA
<a href='https://smbc.decafhub.com/resource/details/NA'>LINK</a>,NA,NA
<a href='https://smbc.decafhub.com/resource/details/4362'>LINK</a>,BS REIT FD 0522I USD-ACC,192444-001
<a href='https://smbc.decafhub.com/resource/details/NA'>LINK</a>,NA,NA
<a href='https://smbc.decafhub.com/resource/details/4419'>LINK</a>,BCRED-ICAP 0522 I USD-ACC,193141-001
<a href='https://smbc.decafhub.com/resource/details/4441'>LINK</a>,BTHBAY 2R06222R100 USD ACC,193250-001
<a href='https://smbc.decafhub.com/resource/details/4596'>LINK</a>,24M USD CS UDPN - SX5E 220724,193941-000
<a href='https://smbc.decafhub.com/resource/details/5907'>LINK</a>,18M USD CS UDPN - GLD UP 01042...,198602-000
<a href='https://smbc.decafhub.com/resource/details/5908'>LINK</a>,18M USD CS UDPN - SPX 010424,198612-000
<a href='https://smbc.decafhub.com/resource/details/6341'>LINK</a>,DANTAI SIDE POCKET - 49 NON-V ...,201193-000
<a href='https://smbc.decafhub.com/resource/details/6549'>LINK</a>,ALLEGIANCE COAL UNLI OP-566754...,202952-000
<a href='https://smbc.decafhub.com/resource/details/6654'>LINK</a>,"6M HKD CITI FCN - 9988.HK, 988...",203578-000
<a href='https://smbc.decafhub.com/resource/details/6670'>LINK</a>,"6M HKD HSBC FCN - 2331.HK, 202...",203652-000
<a href='https://smbc.decafhub.com/resource/details/6683'>LINK</a>,"6M USD BARCLAYS FCN - XLK.P, X...",203769-000
<a href='https://smbc.decafhub.com/resource/details/6887'>LINK</a>,PINPT MULTST 0322B USD ACC,206513-001
<a href='https://smbc.decafhub.com/resource/details/6888'>LINK</a>,"6M HKD JPM FCN - 1093.HK, 2269...",206542-000
<a href='https://smbc.decafhub.com/resource/details/6889'>LINK</a>,"6M HKD HSBC FCN - 6862.HK, 192...",206553-000
<a href='https://smbc.decafhub.com/resource/details/8743'>LINK</a>,6M GBP RAIFFEISEN FCN - GLEN.L...,208478-000
<a href='https://smbc.decafhub.com/resource/details/8759'>LINK</a>,BOOTHBAY ABSOLUTE RETURN FUND ...,208670-001
<a href='https://smbc.decafhub.com/resource/details/8842'>LINK</a>,BOOTHBAY ABSOLUTE RETURN FUND ...,209740-001
<a href='https://smbc.decafhub.com/resource/details/9156'>LINK</a>,BB ABRT 08202R100 USD-ACC,214403-000
<a href='https://smbc.decafhub.com/resource/details/9224'>LINK</a>,12M USD UBS UDPN - GLD UP 0306...,215730-000
<a href='https://smbc.decafhub.com/resource/details/NA'>LINK</a>,NA,NA
<a href='https://smbc.decafhub.com/resource/details/NA'>LINK</a>,NA,NA
<a href='https://smbc.decafhub.com/resource/details/NA'>LINK</a>,NA,NA
<a href='https://smbc.decafhub.com/resource/details/NA'>LINK</a>,NA,NA
<a href='https://smbc.decafhub.com/resource/details/NA'>LINK</a>,NA,NA
<a href='https://smbc.decafhub.com/resource/details/NA'>LINK</a>,NA,NA
<a href='https://smbc.decafhub.com/resource/details/NA'>LINK</a>,NA,NA
<a href='https://smbc.decafhub.com/resource/details/NA'>LINK</a>,NA,NA
<a href='https://smbc.decafhub.com/resource/details/NA'>LINK</a>,NA,NA
<a href='https://smbc.decafhub.com/resource/details/NA'>LINK</a>,NA,NA
<a href='https://smbc.decafhub.com/resource/details/NA'>LINK</a>,NA,NA
<a href='https://smbc.decafhub.com/resource/details/NA'>LINK</a>,NA,NA
<a href='https://smbc.decafhub.com/resource/details/NA'>LINK</a>,NA,NA
<a href='https://smbc.decafhub.com/resource/details/NA'>LINK</a>,NA,NA
<a href='https://smbc.decafhub.com/resource/details/NA'>LINK</a>,NA,NA
<a href='https://smbc.decafhub.com/resource/details/NA'>LINK</a>,NA,NA
<a href='https://smbc.decafhub.com/resource/details/NA'>LINK</a>,NA,NA
<a href='https://smbc.decafhub.com/resource/details/NA'>LINK</a>,NA,NA
<a href='https://smbc.decafhub.com/resource/details/NA'>LINK</a>,NA,NA
<a href='https://smbc.decafhub.com/resource/details/NA'>LINK</a>,NA,NA
<a href='https://smbc.decafhub.com/resource/details/NA'>LINK</a>,NA,NA
<a href='https://smbc.decafhub.com/resource/details/NA'>LINK</a>,NA,NA
<a href='https://smbc.decafhub.com/resource/details/NA'>LINK</a>,NA,NA
<a href='https://smbc.decafhub.com/resource/details/8310'>LINK</a>,CHINA CONSTRUCTION BANK-H,939 HK Equity
<a href='https://smbc.decafhub.com/resource/details/NA'>LINK</a>,NA,NA
<a href='https://smbc.decafhub.com/resource/details/NA'>LINK</a>,NA,NA
<a href='https://smbc.decafhub.com/resource/details/NA'>LINK</a>,NA,NA
<a href='https://smbc.decafhub.com/resource/details/NA'>LINK</a>,NA,NA
<a href='https://smbc.decafhub.com/resource/details/NA'>LINK</a>,NA,NA
<a href='https://smbc.decafhub.com/resource/details/NA'>LINK</a>,NA,NA
<a href='https://smbc.decafhub.com/resource/details/NA'>LINK</a>,NA,NA
<a href='https://smbc.decafhub.com/resource/details/NA'>LINK</a>,NA,NA
<a href='https://smbc.decafhub.com/resource/details/NA'>LINK</a>,NA,NA
<a href='https://smbc.decafhub.com/resource/details/NA'>LINK</a>,NA,NA
<a href='https://smbc.decafhub.com/resource/details/NA'>LINK</a>,NA,NA
<a href='https://smbc.decafhub.com/resource/details/NA'>LINK</a>,NA,NA
<a href='https://smbc.decafhub.com/resource/details/NA'>LINK</a>,NA,NA
<a href='https://smbc.decafhub.com/resource/details/9259'>LINK</a>,SAUAR 2.250 11/24/30 MTN,ARAMCO 2.25 11/24/30 Corp
<a href='https://smbc.decafhub.com/resource/details/NA'>LINK</a>,NA,NA
<a href='https://smbc.decafhub.com/resource/details/NA'>LINK</a>,NA,NA
<a href='https://smbc.decafhub.com/resource/details/NA'>LINK</a>,NA,NA
<a href='https://smbc.decafhub.com/resource/details/NA'>LINK</a>,NA,NA
<a href='https://smbc.decafhub.com/resource/details/NA'>LINK</a>,NA,NA
<a href='https://smbc.decafhub.com/resource/details/NA'>LINK</a>,NA,NA
<a href='https://smbc.decafhub.com/resource/details/NA'>LINK</a>,NA,NA
<a href='https://smbc.decafhub.com/resource/details/NA'>LINK</a>,NA,NA
<a href='https://smbc.decafhub.com/resource/details/NA'>LINK</a>,NA,NA
<a href='https://smbc.decafhub.com/resource/details/8751'>LINK</a>,BNP V4.625 PERP REGS,BNP 4.625 PERP Corp
<a href='https://smbc.decafhub.com/resource/details/NA'>LINK</a>,NA,NA
<a href='https://smbc.decafhub.com/resource/details/NA'>LINK</a>,NA,NA
<a href='https://smbc.decafhub.com/resource/details/NA'>LINK</a>,NA,NA
<a href='https://smbc.decafhub.com/resource/details/NA'>LINK</a>,NA,NA
<a href='https://smbc.decafhub.com/resource/details/NA'>LINK</a>,NA,NA
<a href='https://smbc.decafhub.com/resource/details/NA'>LINK</a>,NA,NA
<a href='https://smbc.decafhub.com/resource/details/NA'>LINK</a>,NA,NA
<a href='https://smbc.decafhub.com/resource/details/NA'>LINK</a>,NA,NA
<a href='https://smbc.decafhub.com/resource/details/NA'>LINK</a>,NA,NA
<a href='https://smbc.decafhub.com/resource/details/NA'>LINK</a>,NA,NA
<a href='https://smbc.decafhub.com/resource/details/NA'>LINK</a>,NA,NA
<a href='https://smbc.decafhub.com/resource/details/NA'>LINK</a>,NA,NA
<a href='https://smbc.decafhub.com/resource/details/NA'>LINK</a>,NA,NA
<a href='https://smbc.decafhub.com/resource/details/NA'>LINK</a>,NA,NA
<a href='https://smbc.decafhub.com/resource/details/NA'>LINK</a>,NA,NA
<a href='https://smbc.decafhub.com/resource/details/NA'>LINK</a>,NA,NA
<a href='https://smbc.decafhub.com/resource/details/9490'>LINK</a>,,DCI 4% JPY 20230814
<a href='https://smbc.decafhub.com/resource/details/5811'>LINK</a>,KYOTO/OPLX 23,DE000A3GMDL5
<a href='https://smbc.decafhub.com/resource/details/9403'>LINK</a>,CX/DEPO SGD @3.499999% 2023-06...,DEPO-2306-TD161HT0
<a href='https://smbc.decafhub.com/resource/details/9447'>LINK</a>,CX/DEPO USD @5.06944% 2023-07-...,DEPO-2307-CK9A0SPY
<a href='https://smbc.decafhub.com/resource/details/9457'>LINK</a>,CX/DEPO SGD @3.499946% 2023-07...,DEPO-2307-CYZTYRGC
<a href='https://smbc.decafhub.com/resource/details/9468'>LINK</a>,CX/DEPO SGD @3.43001% 2023-07-...,DEPO-2307-EKT9OI9R
<a href='https://smbc.decafhub.com/resource/details/9481'>LINK</a>,CX/DEPO USD @2.560079% 2023-07...,DEPO-2307-FOC7XFAT
<a href='https://smbc.decafhub.com/resource/details/9443'>LINK</a>,CX/DEPO AUD @3.954166% 2023-07...,DEPO-2307-IM5HGG4L
<a href='https://smbc.decafhub.com/resource/details/9483'>LINK</a>,CX/DEPO USD @5.120139% 2023-07...,DEPO-2307-KA6A98X5
<a href='https://smbc.decafhub.com/resource/details/9485'>LINK</a>,CX/DEPO USD @5.120134% 2023-07...,DEPO-2307-KSHCYWVT
<a href='https://smbc.decafhub.com/resource/details/9484'>LINK</a>,CX/DEPO USD @5.120123% 2023-07...,DEPO-2307-MG6RJQKK
<a href='https://smbc.decafhub.com/resource/details/9470'>LINK</a>,CX/DEPO SGD @3.500003% 2023-07...,DEPO-2307-NZVYF4H8
<a href='https://smbc.decafhub.com/resource/details/9442'>LINK</a>,CX/DEPO USD @5.120117% 2023-07...,DEPO-2307-PZQN3VST
<a href='https://smbc.decafhub.com/resource/details/9486'>LINK</a>,CX/DEPO USD @5.120275% 2023-07...,DEPO-2307-TDYC5K9H
<a href='https://smbc.decafhub.com/resource/details/9482'>LINK</a>,CX/DEPO USD @2.560071% 2023-07...,DEPO-2307-UP28R72C
<a href='https://smbc.decafhub.com/resource/details/9480'>LINK</a>,CX/DEPO USD @2.560086% 2023-07...,DEPO-2307-XVIXWCKB
<a href='https://smbc.decafhub.com/resource/details/NA'>LINK</a>,NA,NA
<a href='https://smbc.decafhub.com/resource/details/7740'>LINK</a>,DRAFTKINGS INC-CL A,DKNG US Equity
<a href='https://smbc.decafhub.com/resource/details/9055'>LINK</a>,DNCA INV ALPHA BONDS HA-ACC,DLBAH LX Equity
<a href='https://smbc.decafhub.com/resource/details/NA'>LINK</a>,NA,NA
<a href='https://smbc.decafhub.com/resource/details/NA'>LINK</a>,NA,NA
<a href='https://smbc.decafhub.com/resource/details/NA'>LINK</a>,NA,NA
<a href='https://smbc.decafhub.com/resource/details/NA'>LINK</a>,NA,NA
<a href='https://smbc.decafhub.com/resource/details/NA'>LINK</a>,NA,NA
<a href='https://smbc.decafhub.com/resource/details/NA'>LINK</a>,NA,NA
<a href='https://smbc.decafhub.com/resource/details/NA'>LINK</a>,NA,NA
<a href='https://smbc.decafhub.com/resource/details/NA'>LINK</a>,NA,NA
<a href='https://smbc.decafhub.com/resource/details/NA'>LINK</a>,NA,NA
<a href='https://smbc.decafhub.com/resource/details/NA'>LINK</a>,NA,NA
<a href='https://smbc.decafhub.com/resource/details/NA'>LINK</a>,NA,NA
<a href='https://smbc.decafhub.com/resource/details/NA'>LINK</a>,NA,NA
<a href='https://smbc.decafhub.com/resource/details/NA'>LINK</a>,NA,NA
<a href='https://smbc.decafhub.com/resource/details/NA'>LINK</a>,NA,NA
<a href='https://smbc.decafhub.com/resource/details/NA'>LINK</a>,NA,NA
<a href='https://smbc.decafhub.com/resource/details/8957'>LINK</a>,BOOTHBAY ABSOLUTE RETURN STRAT...,HF_Boothbay_BBARS
<a href='https://smbc.decafhub.com/resource/details/9002'>LINK</a>,BREVAN HOWARD MASTER FUND,HF_Brevanhoward_BRVHD
<a href='https://smbc.decafhub.com/resource/details/9005'>LINK</a>,BRIDGEWATER FUND LIMITED / MAN...,HF_Bridgewater_BRDGW
<a href='https://smbc.decafhub.com/resource/details/9011'>LINK</a>,CAPULA GRV,HF_Capulagrv_CPLGR
<a href='https://smbc.decafhub.com/resource/details/9268'>LINK</a>,MAN AHL ALPHA CORE PROGRAMME,HF_Manahlalphacore_MANAHC
<a href='https://smbc.decafhub.com/resource/details/9003'>LINK</a>,MARSHALL WACE ALPHA PLUS,HF_Marshallwace_MRSHW
<a href='https://smbc.decafhub.com/resource/details/9007'>LINK</a>,MILLBURN MULTI-MARKETS LTD,HF_Millburn_MLBNM
<a href='https://smbc.decafhub.com/resource/details/9004'>LINK</a>,MODULAR ASIAN MACRO FUND,HF_Modularasian_MDLAS
<a href='https://smbc.decafhub.com/resource/details/9008'>LINK</a>,"PARALLAX MASTER FUND, L.P.",HF_Parallax_PRLXM
<a href='https://smbc.decafhub.com/resource/details/8992'>LINK</a>,PINPOINT MULTI-STRATEGY MASTER...,HF_Pinpoint_PNPNT
<a href='https://smbc.decafhub.com/resource/details/9311'>LINK</a>,R SQUARED GLOBAL,HF_RSquaredGlobal_RSQUAG
<a href='https://smbc.decafhub.com/resource/details/9006'>LINK</a>,SCHRODER GAIA FUND,HF_Schroder_SCHRD
<a href='https://smbc.decafhub.com/resource/details/9000'>LINK</a>,VERITION MULTI-STRATEGY FUNDS,HF_Verition_VRTIN
<a href='https://smbc.decafhub.com/resource/details/NA'>LINK</a>,NA,NA
<a href='https://smbc.decafhub.com/resource/details/9258'>LINK</a>,HSBC 6.375 291249 MS PERP (NEW...,HSBC 6.375 PERP Corp
<a href='https://smbc.decafhub.com/resource/details/NA'>LINK</a>,NA,NA
<a href='https://smbc.decafhub.com/resource/details/NA'>LINK</a>,NA,NA
<a href='https://smbc.decafhub.com/resource/details/NA'>LINK</a>,NA,NA
<a href='https://smbc.decafhub.com/resource/details/NA'>LINK</a>,NA,NA
<a href='https://smbc.decafhub.com/resource/details/NA'>LINK</a>,NA,NA
<a href='https://smbc.decafhub.com/resource/details/NA'>LINK</a>,NA,NA
<a href='https://smbc.decafhub.com/resource/details/NA'>LINK</a>,NA,NA
<a href='https://smbc.decafhub.com/resource/details/NA'>LINK</a>,NA,NA
<a href='https://smbc.decafhub.com/resource/details/NA'>LINK</a>,NA,NA
<a href='https://smbc.decafhub.com/resource/details/NA'>LINK</a>,NA,NA
<a href='https://smbc.decafhub.com/resource/details/9230'>LINK</a>,KOTAK FUNDS-IND MIDCP-JA USD A...,KIMDCLJ LX Equity
<a href='https://smbc.decafhub.com/resource/details/NA'>LINK</a>,NA,NA
<a href='https://smbc.decafhub.com/resource/details/NA'>LINK</a>,NA,NA
<a href='https://smbc.decafhub.com/resource/details/9435'>LINK</a>,BLOOMBERG GLOBALAGG INDEX,LEGATRUU Index
<a href='https://smbc.decafhub.com/resource/details/NA'>LINK</a>,NA,NA
<a href='https://smbc.decafhub.com/resource/details/9255'>LINK</a>,C/LOAN HKD @5.75% 2023-05-25/2...,LOAN-2305-VMXBF4BK
<a href='https://smbc.decafhub.com/resource/details/9371'>LINK</a>,C/LOAN CHF @2.889585% 2023-06-...,LOAN-2306-JDG28TI3
<a href='https://smbc.decafhub.com/resource/details/9425'>LINK</a>,C/LOAN HKD @5.829999% 2023-06-...,LOAN-2306-JETNE52Y
<a href='https://smbc.decafhub.com/resource/details/9388'>LINK</a>,C/LOAN HKD @6.249999% 2023-06-...,LOAN-2306-MJ70MVNI
<a href='https://smbc.decafhub.com/resource/details/9411'>LINK</a>,C/LOAN HKD @6.01% 2023-06-27/2...,LOAN-2306-NFJDWGI2
<a href='https://smbc.decafhub.com/resource/details/9454'>LINK</a>,C/LOAN SGD @4.700005% 2023-07-...,LOAN-2307-BQEGC6R9
<a href='https://smbc.decafhub.com/resource/details/9452'>LINK</a>,C/LOAN EUR @4.966068% 2023-07-...,LOAN-2307-CQ173K0P
<a href='https://smbc.decafhub.com/resource/details/9478'>LINK</a>,C/LOAN USD @6.336885% 2023-07-...,LOAN-2307-DC9F1CK8
<a href='https://smbc.decafhub.com/resource/details/9487'>LINK</a>,C/LOAN USD @6.336802% 2023-07-...,LOAN-2307-JN1ZFAVX
<a href='https://smbc.decafhub.com/resource/details/9479'>LINK</a>,C/LOAN USD @6.336819% 2023-07-...,LOAN-2307-KYVQ377F
<a href='https://smbc.decafhub.com/resource/details/9488'>LINK</a>,C/LOAN GBP @3.075029% 2023-07-...,LOAN-2307-LT63CPNG
<a href='https://smbc.decafhub.com/resource/details/9440'>LINK</a>,C/LOAN CHF @2.990971% 2023-07-...,LOAN-2307-NOXG9WTL
<a href='https://smbc.decafhub.com/resource/details/9456'>LINK</a>,C/LOAN SGD @4.699995% 2023-07-...,LOAN-2307-NSSTAAUU
<a href='https://smbc.decafhub.com/resource/details/9451'>LINK</a>,C/LOAN SGD @4.949998% 2023-07-...,LOAN-2307-NZ3G9K1Y
<a href='https://smbc.decafhub.com/resource/details/9453'>LINK</a>,C/LOAN CHF @2.988941% 2023-07-...,LOAN-2307-SQTLBYB2
<a href='https://smbc.decafhub.com/resource/details/NA'>LINK</a>,NA,NA
<a href='https://smbc.decafhub.com/resource/details/NA'>LINK</a>,NA,NA
<a href='https://smbc.decafhub.com/resource/details/NA'>LINK</a>,NA,NA
<a href='https://smbc.decafhub.com/resource/details/NA'>LINK</a>,NA,NA
<a href='https://smbc.decafhub.com/resource/details/NA'>LINK</a>,NA,NA
<a href='https://smbc.decafhub.com/resource/details/NA'>LINK</a>,NA,NA
<a href='https://smbc.decafhub.com/resource/details/NA'>LINK</a>,NA,NA
<a href='https://smbc.decafhub.com/resource/details/NA'>LINK</a>,NA,NA
<a href='https://smbc.decafhub.com/resource/details/NA'>LINK</a>,NA,NA
<a href='https://smbc.decafhub.com/resource/details/NA'>LINK</a>,NA,NA
<a href='https://smbc.decafhub.com/resource/details/5604'>LINK</a>,MSCI WORLD INDEX,MXWO Index
<a href='https://smbc.decafhub.com/resource/details/NA'>LINK</a>,NA,NA
<a href='https://smbc.decafhub.com/resource/details/NA'>LINK</a>,NA,NA
<a href='https://smbc.decafhub.com/resource/details/NA'>LINK</a>,NA,NA
<a href='https://smbc.decafhub.com/resource/details/NA'>LINK</a>,NA,NA
<a href='https://smbc.decafhub.com/resource/details/NA'>LINK</a>,NA,NA
<a href='https://smbc.decafhub.com/resource/details/NA'>LINK</a>,NA,NA
<a href='https://smbc.decafhub.com/resource/details/NA'>LINK</a>,NA,NA
<a href='https://smbc.decafhub.com/resource/details/NA'>LINK</a>,NA,NA
<a href='https://smbc.decafhub.com/resource/details/NA'>LINK</a>,NA,NA
<a href='https://smbc.decafhub.com/resource/details/NA'>LINK</a>,NA,NA
<a href='https://smbc.decafhub.com/resource/details/NA'>LINK</a>,NA,NA
<a href='https://smbc.decafhub.com/resource/details/NA'>LINK</a>,NA,NA
<a href='https://smbc.decafhub.com/resource/details/NA'>LINK</a>,NA,NA
<a href='https://smbc.decafhub.com/resource/details/NA'>LINK</a>,NA,NA
<a href='https://smbc.decafhub.com/resource/details/NA'>LINK</a>,NA,NA
<a href='https://smbc.decafhub.com/resource/details/NA'>LINK</a>,NA,NA
<a href='https://smbc.decafhub.com/resource/details/NA'>LINK</a>,NA,NA
<a href='https://smbc.decafhub.com/resource/details/NA'>LINK</a>,NA,NA
<a href='https://smbc.decafhub.com/resource/details/NA'>LINK</a>,NA,NA
<a href='https://smbc.decafhub.com/resource/details/NA'>LINK</a>,NA,NA
<a href='https://smbc.decafhub.com/resource/details/NA'>LINK</a>,NA,NA
<a href='https://smbc.decafhub.com/resource/details/NA'>LINK</a>,NA,NA
<a href='https://smbc.decafhub.com/resource/details/NA'>LINK</a>,NA,NA
<a href='https://smbc.decafhub.com/resource/details/NA'>LINK</a>,NA,NA
<a href='https://smbc.decafhub.com/resource/details/NA'>LINK</a>,NA,NA
<a href='https://smbc.decafhub.com/resource/details/NA'>LINK</a>,NA,NA
<a href='https://smbc.decafhub.com/resource/details/NA'>LINK</a>,NA,NA
<a href='https://smbc.decafhub.com/resource/details/NA'>LINK</a>,NA,NA
<a href='https://smbc.decafhub.com/resource/details/NA'>LINK</a>,NA,NA
<a href='https://smbc.decafhub.com/resource/details/NA'>LINK</a>,NA,NA
<a href='https://smbc.decafhub.com/resource/details/NA'>LINK</a>,NA,NA
<a href='https://smbc.decafhub.com/resource/details/NA'>LINK</a>,NA,NA
<a href='https://smbc.decafhub.com/resource/details/NA'>LINK</a>,NA,NA
<a href='https://smbc.decafhub.com/resource/details/845'>LINK</a>,SOCGEN CHINA GREEN TECH CERT -...,SOCGEN 0 04/01/99 Corp
<a href='https://smbc.decafhub.com/resource/details/NA'>LINK</a>,NA,NA
<a href='https://smbc.decafhub.com/resource/details/8755'>LINK</a>,STANLN V4.3 PERP REGS,STANLN 4.3 PERP Corp
<a href='https://smbc.decafhub.com/resource/details/9147'>LINK</a>,STANLN V4.75 PERP REGS,STANLN 4.75 PERP Corp
<a href='https://smbc.decafhub.com/resource/details/820'>LINK</a>,STAND CHART PLC 5.375 PERP-CC,STANLN 5.375 PERP Corp
<a href='https://smbc.decafhub.com/resource/details/6250'>LINK</a>,STAN 7.750 PERP '27 FRN-CC,STANLN 7.75 PERP Corp
<a href='https://smbc.decafhub.com/resource/details/NA'>LINK</a>,NA,NA
<a href='https://smbc.decafhub.com/resource/details/NA'>LINK</a>,NA,NA
<a href='https://smbc.decafhub.com/resource/details/8750'>LINK</a>,SWEDA V4 PERP,SWEDA 4 PERP Corp
<a href='https://smbc.decafhub.com/resource/details/NA'>LINK</a>,NA,NA
<a href='https://smbc.decafhub.com/resource/details/9439'>LINK</a>,DCI USD 10% 0.654 ALT AUD 19/0...,SYDCI2318400025
<a href='https://smbc.decafhub.com/resource/details/9469'>LINK</a>,DCI USD 8.75% 0.65 ALT AUD 25/...,SYDCI2318800003
<a href='https://smbc.decafhub.com/resource/details/9477'>LINK</a>,DCI SGD 5.8% 106.1 ALT JPY 14/...,SYDCI2319200019
<a href='https://smbc.decafhub.com/resource/details/NA'>LINK</a>,NA,NA
<a href='https://smbc.decafhub.com/resource/details/NA'>LINK</a>,NA,NA
<a href='https://smbc.decafhub.com/resource/details/NA'>LINK</a>,NA,NA
<a href='https://smbc.decafhub.com/resource/details/NA'>LINK</a>,NA,NA
<a href='https://smbc.decafhub.com/resource/details/NA'>LINK</a>,NA,NA
<a href='https://smbc.decafhub.com/resource/details/NA'>LINK</a>,NA,NA
<a href='https://smbc.decafhub.com/resource/details/NA'>LINK</a>,NA,NA
<a href='https://smbc.decafhub.com/resource/details/NA'>LINK</a>,NA,NA
<a href='https://smbc.decafhub.com/resource/details/NA'>LINK</a>,NA,NA
<a href='https://smbc.decafhub.com/resource/details/NA'>LINK</a>,NA,NA
<a href='https://smbc.decafhub.com/resource/details/8749'>LINK</a>,UBS V4.375 PERP REGS,UBS 4.375 PERP Corp
<a href='https://smbc.decafhub.com/resource/details/NA'>LINK</a>,NA,NA
<a href='https://smbc.decafhub.com/resource/details/NA'>LINK</a>,NA,NA
<a href='https://smbc.decafhub.com/resource/details/NA'>LINK</a>,NA,NA
<a href='https://smbc.decafhub.com/resource/details/NA'>LINK</a>,NA,NA
<a href='https://smbc.decafhub.com/resource/details/NA'>LINK</a>,NA,NA
<a href='https://smbc.decafhub.com/resource/details/NA'>LINK</a>,NA,NA
<a href='https://smbc.decafhub.com/resource/details/5809'>LINK</a>,PINPOINT D/11/18/UR,XD0448810768
<a href='https://smbc.decafhub.com/resource/details/5805'>LINK</a>,BOO 2R/09/21/2R/100,XD1136200106
<a href='https://smbc.decafhub.com/resource/details/NA'>LINK</a>,NA,NA
<a href='https://smbc.decafhub.com/resource/details/NA'>LINK</a>,NA,NA
